title,rating,percentage
Procedure,0.5965909090909091
Recovery,0.7086575875486382
Results,0.8218029350104822