title,rating,percentage
Procedure,0.9559543230016313
Recovery,0.7875647668393783
Results,0.9163498098859315
